stake_address,score
1,0.2677820475052177
2,0.14930693591926789
3,0.12377022454885471
4,0.09435820471202348
5,0.13830627646901258
6,0.04589216682013409
7,0.09011415524136529
10,0.04203442705552242
500,0.031933478658132806
1000,0.01650208307046892
