stake_address,score
1,0.26822298572034214
2,0.1495375328584859
3,0.12395307300260093
4,0.0944914171779566
5,0.1384978636418873
7,0.0902409220774478
6,0.045937424527427086
10,0.04207488975880292
1000,0.01650662850352604
500,0.03053726273152317
